CustomerName,TransNumber,TransDate,PO,SalesOrder,Address,ItemNumber,Quantity,UnitPrice,Description
Pacman Enterprises,50322311,2016-1-3,495-3683,110109185,Dagobah System 4537,XYZJ2HW9,2,199.98,Roadrunner Net Catcher
APacman Enterprises,50322312,2016-1-4,A495-3683,110109186,ADagobah System 4537,AXYZJ2HW9,3,200.98,ARoadrunner Net Catcher
BPacman Enterprises,50322313,2016-1-5,B495-3683,110109187,BDagobah System 4537,BXYZJ2HW9,4,201.98,BRoadrunner Net Catcher
CPacman Enterprises,50322314,2016-1-6,C495-3683,110109188,CDagobah System 4537,CXYZJ2HW9,5,202.98,CRoadrunner Net Catcher
DPacman Enterprises,50322315,2016-1-7,D495-3683,110109189,DDagobah System 4537,DXYZJ2HW9,6,203.98,DRoadrunner Net Catcher
EPacman Enterprises,50322316,2016-1-8,E495-3683,110109190,EDagobah System 4537,EXYZJ2HW9,7,204.98,ERoadrunner Net Catcher
FPacman Enterprises,50322317,2016-1-9,F495-3683,110109191,FDagobah System 4537,FXYZJ2HW9,8,205.98,FRoadrunner Net Catcher
GPacman Enterprises,50322318,2016-1-10,G495-3683,110109192,GDagobah System 4537,GXYZJ2HW9,9,206.98,GRoadrunner Net Catcher
HPacman Enterprises,50322319,2016-1-11,H495-3683,110109193,HDagobah System 4537,HXYZJ2HW9,10,207.98,HRoadrunner Net Catcher
IPacman Enterprises,50322320,2016-1-12,I495-3683,110109194,IDagobah System 4537,IXYZJ2HW9,11,208.98,IRoadrunner Net Catcher
